01HZY0M93WZXABCDEF12345678,0123456789,John Doe,john.doe@example.com
01HZY0M93WZXABCDEF12345679,0987654321,Jane Smith,jane.smith@example.com
01HZY0M93WZXABCDEF12345680,0901234567,Alice Johnson,alice.johnson@example.com
01HZY0M93WZXABCDEF12345681,0897654321,Bob Brown,bob.brown@example.com
01HZY0M93WZXABCDEF12345692,0901234567,Nguyễn Văn A,nguyen.vana@example.com
01HZY0M93WZXABCDEF12345693,0912345678,Trần Thị B,tran.thib@example.com
01HZY0M93WZXABCDEF12345694,0923456789,Lê Minh C,le.minhc@example.com
01HZY0M93WZXABCDEF12345695,0934567890,Phạm Thị D,pham.thid@example.com
01HZY0M93WZXABCDEF12345696,0945678901,Võ Văn E,vo.vane@example.com
01HZY0M93WZXABCDEF12345697,0956789012,Hoàng Thị F,hoang.thif@example.com
01HZY0M93WZXABCDEF12345711,0901234567,Nguyễn Văn A,nguyen.vana@example.com
01HZY0M93WZXABCDEF12345712,0987654321,Trần Thị B,tran.thib@example.com
01HZY0M93WZXABCDEF12345713,0912345678,Lê Minh C,le.minhc@example.com
01HZY0M93WZXABCDEF12345714,0934567890,Phạm Văn D,pham.vand@example.com
01HZY0M93WZXABCDEF12345715,0971234567,Đặng Thị E,dang.thie@example.com
01HZY0M93WZXABCDEF12345716,0907654321,Hoàng Minh F,hoang.minhf@example.com
01HZY0M93WZXABCDEF12345717,0986543210,Bùi Thị G,bui.thig@example.com
01HZY0M93WZXABCDEF12345718,0918765432,Ngô Minh H,ngo.minhh@example.com
01HZY0M93WZXABCDEF12345719,0932345678,Cao Thị I,cao.thii@example.com
01HZY0M93WZXABCDEF12345720,0976543210,Phan Minh J,phan.minhj@example.com
01HZY0M93WZXABCDEF12345721,0908765432,Võ Thị K,vo.thik@example.com
01HZY0M93WZXABCDEF12345722,0987654321,Lý Minh L,ly.minhl@example.com
01HZY0M93WZXABCDEF12345723,0912345678,Nguyễn Thị M,nguyen.thim@example.com
01HZY0M93WZXABCDEF12345724,0931234567,Trương Minh N,truong.minhn@example.com
01HZY0M93WZXABCDEF12345725,0972345678,Lưu Thị O,luu.thio@example.com
01HZY0M93WZXABCDEF12345726,0903456789,Đỗ Minh P,do.minhp@example.com
01HZY0M93WZXABCDEF12345727,0981234567,Nguyễn Hoàng Q,nguyen.hoangq@example.com
01HZY0M93WZXABCDEF12345728,0917654321,Phan Minh R,phan.minhr@example.com
01HZY0M93WZXABCDEF12345729,0935678901,Trần Thị S,tran.this@example.com
01HZY0M93WZXABCDEF12345730,0978765432,Cao Minh T,cao.minht@example.com
