01JHNKR1D4176PW157V9F7YYMA,01HZY0M93WZXABCDEF12345754,01JHNK4AS49BZQDF4W6FBPDBWA,PROCESSING,01JHNNMTWRGQEBWTMA4GVAFRMN,01JHNNRW9XBAC5ATHZVMG77BSP,2025-01-16 02:08:41,2025-01-16 02:08:41
01JHNKR1D41M0YZ45M4K5Y44XK,01HZY0M93WZXABCDEF12345759,01JHNK4AS4W6TVKX8DCP7N83W8,PROCESSING,01JHNNMTWSEW7JY0DVMKQ5HDTK,01JHNNRW9Y2BXC81FHRBAQ4K80,2025-01-16 02:08:41,2025-01-16 02:08:41
01JHNKR1D41REZNSPTMTJFEYWF,01HZY0M93WZXABCDEF12345755,01JHNK4AS49R4ZBKD9ETN86M1J,PROCESSING,01JHNNMTWRHJMQX0Y2BR734CJK,01JHNNRW9XFRCXC5DP0E4MJV8C,2025-01-16 02:08:41,2025-01-16 02:08:41
01JHNKR1D425PPMK2Z8PDXACZ2,01HZY0M93WZXABCDEF12345753,01JHNK4AS496J5RYTHPBC9FHA9,PROCESSING,01JHNNMTWRG70BX2CKT23BMV3P,01JHNNRW9X5WTXJFN5DC08QQHY,2025-01-16 02:08:41,2025-01-16 02:08:41
01JHNKR1D433YEPH172F2ERMYS,01HZY0M93WZXABCDEF12345755,01JHNK4AS49R4ZBKD9ETN86M1J,PROCESSING,01JHNNMTWRHJMQX0Y2BR734CJK,01JHNNRW9XFRCXC5DP0E4MJV8C,2025-01-16 02:08:41,2025-01-16 02:08:41
01JHNKR1D43D78S92JH5ZTNNW0,01HZY0M93WZXABCDEF12345756,01JHNK4AS4DY32G26V37T0V2R9,PROCESSING,01JHNNMTWRJTSF9PR9XG2TVVR3,01JHNNRW9XP6DAVWZX3B0MHW9E,2025-01-16 02:08:41,2025-01-16 02:08:41
01JHNKR1D4A4JGVR3SYTC2VAZ5,01HZY0M93WZXABCDEF12345751,01JHNK4AS3BYN1J97HGE8PAYX3,PROCESSING,01JHNNMTWRDGR7FWWDNF1JS570,01JHNNRW9X0NEK27NNAZ3MW42J,2025-01-16 02:08:41,2025-01-16 02:08:41
01JHNKR1D4CJKBZ71G5Y3C69VJ,01HZY0M93WZXABCDEF12345753,01JHNK4AS496J5RYTHPBC9FHA9,PROCESSING,01JHNNMTWRG70BX2CKT23BMV3P,01JHNNRW9X5WTXJFN5DC08QQHY,2025-01-16 02:08:41,2025-01-16 02:08:41
01JHNKR1D4ECHBXHYMTNHTBDSA,01HZY0M93WZXABCDEF12345757,01JHNK4AS4ERRE0PK6TR8VPQF4,PROCESSING,01JHNNMTWRQT1Y6EK98E5AJB4E,01JHNNRW9XPXFHY17X24MWFVZE,2025-01-16 02:08:41,2025-01-16 02:08:41
01JHNKR1D4FRV7AM9T4GFF73W5,01HZY0M93WZXABCDEF12345754,01JHNK4AS49BZQDF4W6FBPDBWA,PROCESSING,01JHNNMTWRGQEBWTMA4GVAFRMN,01JHNNRW9XBAC5ATHZVMG77BSP,2025-01-16 02:08:41,2025-01-16 02:08:41
01JHNKR1D4HM2FN6CSX7E2HDEJ,01HZY0M93WZXABCDEF12345759,01JHNK4AS4S7E60SPXP25SFE3G,PROCESSING,01JHNNMTWRZQ3B161P6C3Q4ZP5,01JHNNRW9XVD3T3JAJHA6WTS22,2025-01-16 02:08:41,2025-01-16 02:49:48
01JHNKR1D4MFGXCK0XPAPG87TQ,01HZY0M93WZXABCDEF12345756,01JHNK4AS4DY32G26V37T0V2R9,PROCESSING,01JHNNMTWRJTSF9PR9XG2TVVR3,01JHNNRW9XP6DAVWZX3B0MHW9E,2025-01-16 02:08:41,2025-01-16 02:08:41
01JHNKR1D4ND58AXFD0MC1Q7TE,01HZY0M93WZXABCDEF12345751,01JHNK4AS3BYN1J97HGE8PAYX3,PROCESSING,01JHNNMTWRDGR7FWWDNF1JS570,01JHNNRW9X0NEK27NNAZ3MW42J,2025-01-16 02:08:41,2025-01-16 02:08:41
01JHNKR1D4RCPH0VYHCA5GV299,01HZY0M93WZXABCDEF12345752,01JHNK4AS3CXYG07PTXQH2CGVE,PROCESSING,01JHNNMTWREQ8TXEDD3MB7B3N9,01JHNNRW9X1302QG62ER4SW68F,2025-01-16 02:08:41,2025-01-16 02:08:41
01JHNKR1D4WTBSPKBDR74PT8KZ,01HZY0M93WZXABCDEF12345760,01JHNK4AS4XANZDBEVCFZZSRRY,PROCESSING,01JHNNMTWSVMJ6SPEAXDP7WRT8,01JHNNRW9YMD1XXB1WK7GSQS4P,2025-01-16 02:08:41,2025-01-16 02:08:41
01JHNKR1D4YBBKZV648AWM35CT,01HZY0M93WZXABCDEF12345752,01JHNK4AS3CXYG07PTXQH2CGVE,PROCESSING,01JHNNMTWREQ8TXEDD3MB7B3N9,01JHNNRW9X1302QG62ER4SW68F,2025-01-16 02:08:41,2025-01-16 02:08:41
01JHNKR1D54DYSWTQTXXJW3BKE,01HZY0M93WZXABCDEF12345758,01JHNK4AS4S7E60SPXP25SFE3G,PROCESSING,01JHNNMTWRZQ3B161P6C3Q4ZP5,01JHNNRW9XVD3T3JAJHA6WTS22,2025-01-16 02:08:41,2025-01-16 02:08:41
01JHNKR1D5E8EANHJS8BSTGAYA,01HZY0M93WZXABCDEF12345759,01JHNK4AS4ERRE0PK6TR8VPQF4,PROCESSING,01JHNNMTWRQT1Y6EK98E5AJB4E,01JHNNRW9XPXFHY17X24MWFVZE,2025-01-16 02:08:41,2025-01-16 02:49:48
01JHNKR1D5G0C14XV7BFB0GZV9,01HZY0M93WZXABCDEF12345760,01JHNK4AS4XANZDBEVCFZZSRRY,PROCESSING,01JHNNMTWSVMJ6SPEAXDP7WRT8,01JHNNRW9YMD1XXB1WK7GSQS4P,2025-01-16 02:08:41,2025-01-16 02:08:41
01JHNKR1D5NXV4RF9RMRXC7W7S,01HZY0M93WZXABCDEF12345759,01JHNK4AS4W6TVKX8DCP7N83W8,PROCESSING,01JHNNMTWSEW7JY0DVMKQ5HDTK,01JHNNRW9Y2BXC81FHRBAQ4K80,2025-01-16 02:08:41,2025-01-16 02:08:41
